,ID,Model,manufacturer,Year,URL links,Price ID,Unique ID
19505,19508,SDX 250,Sea Ray,2024,https://www.jdpowerconnect.com/Boats/32152717/Select-Options,32152717,2024-Sea Ray-SDX 250
19506,19509,SDX 250(*),Sea Ray,2024,https://www.jdpowerconnect.com/Boats/32152718/Select-Options,32152718,2024-Sea Ray-SDX 250(*)
19507,19510,SDX 270,Sea Ray,2024,https://www.jdpowerconnect.com/Boats/32152719/Select-Options,32152719,2024-Sea Ray-SDX 270
19508,19511,SDX 270(*),Sea Ray,2024,https://www.jdpowerconnect.com/Boats/32152720/Select-Options,32152720,2024-Sea Ray-SDX 270(*)
19509,19512,SDX 290,Sea Ray,2024,https://www.jdpowerconnect.com/Boats/32152721/Select-Options,32152721,2024-Sea Ray-SDX 290
19510,19513,SDX 290(*),Sea Ray,2024,https://www.jdpowerconnect.com/Boats/32152722/Select-Options,32152722,2024-Sea Ray-SDX 290(*)
19511,19514,SLX 260,Sea Ray,2024,https://www.jdpowerconnect.com/Boats/32152729/Select-Options,32152729,2024-Sea Ray-SLX 260
19512,19515,SLX 260 SURF,Sea Ray,2024,https://www.jdpowerconnect.com/Boats/32152731/Select-Options,32152731,2024-Sea Ray-SLX 260 SURF
19513,19516,SLX 260(*),Sea Ray,2024,https://www.jdpowerconnect.com/Boats/32152730/Select-Options,32152730,2024-Sea Ray-SLX 260(*)
19514,19517,SLX 280,Sea Ray,2024,https://www.jdpowerconnect.com/Boats/32152712/Select-Options,32152712,2024-Sea Ray-SLX 280
19515,19518,SLX 280(*),Sea Ray,2024,https://www.jdpowerconnect.com/Boats/32152711/Select-Options,32152711,2024-Sea Ray-SLX 280(*)
19516,19519,SLX 310,Sea Ray,2024,https://www.jdpowerconnect.com/Boats/32152713/Select-Options,32152713,2024-Sea Ray-SLX 310
19517,19520,SLX 310(*),Sea Ray,2024,https://www.jdpowerconnect.com/Boats/32152714/Select-Options,32152714,2024-Sea Ray-SLX 310(*)
19518,19521,SLX 350(*),Sea Ray,2024,https://www.jdpowerconnect.com/Boats/32152726/Select-Options,32152726,2024-Sea Ray-SLX 350(*)
19519,19522,SLX 350,Sea Ray,2024,https://www.jdpowerconnect.com/Boats/32152725/Select-Options,32152725,2024-Sea Ray-SLX 350
19520,19523,SLX 400,Sea Ray,2024,https://www.jdpowerconnect.com/Boats/32152715/Select-Options,32152715,2024-Sea Ray-SLX 400
19521,19524,SLX 400(*),Sea Ray,2024,https://www.jdpowerconnect.com/Boats/32152716/Select-Options,32152716,2024-Sea Ray-SLX 400(*)
19522,19525,SPX 190(**),Sea Ray,2024,https://www.jdpowerconnect.com/Boats/32152705/Select-Options,32152705,2024-Sea Ray-SPX 190(**)
19523,19526,SPX 190(***),Sea Ray,2024,https://www.jdpowerconnect.com/Boats/32152706/Select-Options,32152706,2024-Sea Ray-SPX 190(***)
19524,19527,SPX 210(**),Sea Ray,2024,https://www.jdpowerconnect.com/Boats/32152707/Select-Options,32152707,2024-Sea Ray-SPX 210(**)
19525,19528,SPX 210(***),Sea Ray,2024,https://www.jdpowerconnect.com/Boats/32152708/Select-Options,32152708,2024-Sea Ray-SPX 210(***)
19526,19529,SPX 230,Sea Ray,2024,https://www.jdpowerconnect.com/Boats/32152709/Select-Options,32152709,2024-Sea Ray-SPX 230
19527,19530,SPX 230(*),Sea Ray,2024,https://www.jdpowerconnect.com/Boats/32152710/Select-Options,32152710,2024-Sea Ray-SPX 230(*)
19528,19531,SUNDANCER 320,Sea Ray,2024,https://www.jdpowerconnect.com/Boats/32152723/Select-Options,32152723,2024-Sea Ray-SUNDANCER 320
19529,19532,SUNDANCER 320(*),Sea Ray,2024,https://www.jdpowerconnect.com/Boats/32152724/Select-Options,32152724,2024-Sea Ray-SUNDANCER 320(*)
19530,19533,SUNDANCER 370,Sea Ray,2024,https://www.jdpowerconnect.com/Boats/32152728/Select-Options,32152728,2024-Sea Ray-SUNDANCER 370
19531,19534,SUNDANCER 370(*),Sea Ray,2024,https://www.jdpowerconnect.com/Boats/32152727/Select-Options,32152727,2024-Sea Ray-SUNDANCER 370(*)
19532,19535,SDX 250,Sea Ray,2023,https://www.jdpowerconnect.com/Boats/32143145/Select-Options,32143145,2023-Sea Ray-SDX 250
19533,19536,SDX 250(*),Sea Ray,2023,https://www.jdpowerconnect.com/Boats/32143146/Select-Options,32143146,2023-Sea Ray-SDX 250(*)
19534,19537,SDX 270,Sea Ray,2023,https://www.jdpowerconnect.com/Boats/32143147/Select-Options,32143147,2023-Sea Ray-SDX 270
19535,19538,SDX 270(*),Sea Ray,2023,https://www.jdpowerconnect.com/Boats/32143148/Select-Options,32143148,2023-Sea Ray-SDX 270(*)
19536,19539,SDX 290,Sea Ray,2023,https://www.jdpowerconnect.com/Boats/32143149/Select-Options,32143149,2023-Sea Ray-SDX 290
19537,19540,SDX 290(*),Sea Ray,2023,https://www.jdpowerconnect.com/Boats/32143150/Select-Options,32143150,2023-Sea Ray-SDX 290(*)
19538,19541,SLX 260,Sea Ray,2023,https://www.jdpowerconnect.com/Boats/32143156/Select-Options,32143156,2023-Sea Ray-SLX 260
19539,19542,SLX 260(*),Sea Ray,2023,https://www.jdpowerconnect.com/Boats/32143157/Select-Options,32143157,2023-Sea Ray-SLX 260(*)
19540,19543,SLX 280,Sea Ray,2023,https://www.jdpowerconnect.com/Boats/32143140/Select-Options,32143140,2023-Sea Ray-SLX 280
19541,19544,SLX 310,Sea Ray,2023,https://www.jdpowerconnect.com/Boats/32143141/Select-Options,32143141,2023-Sea Ray-SLX 310
19542,19545,SLX 310(*),Sea Ray,2023,https://www.jdpowerconnect.com/Boats/32143142/Select-Options,32143142,2023-Sea Ray-SLX 310(*)
19543,19546,SLX 350(*),Sea Ray,2023,https://www.jdpowerconnect.com/Boats/32143154/Select-Options,32143154,2023-Sea Ray-SLX 350(*)
19544,19547,SLX 350,Sea Ray,2023,https://www.jdpowerconnect.com/Boats/32143153/Select-Options,32143153,2023-Sea Ray-SLX 350
19545,19548,SLX 400,Sea Ray,2023,https://www.jdpowerconnect.com/Boats/32143143/Select-Options,32143143,2023-Sea Ray-SLX 400
19546,19549,SLX 400(*),Sea Ray,2023,https://www.jdpowerconnect.com/Boats/32143144/Select-Options,32143144,2023-Sea Ray-SLX 400(*)
19547,19550,SPX 190(**),Sea Ray,2023,https://www.jdpowerconnect.com/Boats/32143134/Select-Options,32143134,2023-Sea Ray-SPX 190(**)
19548,19551,SPX 190(***),Sea Ray,2023,https://www.jdpowerconnect.com/Boats/32143135/Select-Options,32143135,2023-Sea Ray-SPX 190(***)
19549,19552,SPX 210(**),Sea Ray,2023,https://www.jdpowerconnect.com/Boats/32143136/Select-Options,32143136,2023-Sea Ray-SPX 210(**)
19550,19553,SPX 210(***),Sea Ray,2023,https://www.jdpowerconnect.com/Boats/32143137/Select-Options,32143137,2023-Sea Ray-SPX 210(***)
19551,19554,SPX 230,Sea Ray,2023,https://www.jdpowerconnect.com/Boats/32143138/Select-Options,32143138,2023-Sea Ray-SPX 230
19552,19555,SPX 230(*),Sea Ray,2023,https://www.jdpowerconnect.com/Boats/32143139/Select-Options,32143139,2023-Sea Ray-SPX 230(*)
19553,19556,SUNDANCER 320,Sea Ray,2023,https://www.jdpowerconnect.com/Boats/32143151/Select-Options,32143151,2023-Sea Ray-SUNDANCER 320
19554,19557,SUNDANCER 320(*),Sea Ray,2023,https://www.jdpowerconnect.com/Boats/32143152/Select-Options,32143152,2023-Sea Ray-SUNDANCER 320(*)
19555,19558,SUNDANCER 370(*),Sea Ray,2023,https://www.jdpowerconnect.com/Boats/32143155/Select-Options,32143155,2023-Sea Ray-SUNDANCER 370(*)
19556,19559,SDX 250,Sea Ray,2022,https://www.jdpowerconnect.com/Boats/32129075/Select-Options,32129075,2022-Sea Ray-SDX 250
19557,19560,SDX 250(*),Sea Ray,2022,https://www.jdpowerconnect.com/Boats/32129076/Select-Options,32129076,2022-Sea Ray-SDX 250(*)
19558,19561,SDX 270,Sea Ray,2022,https://www.jdpowerconnect.com/Boats/32129077/Select-Options,32129077,2022-Sea Ray-SDX 270
19559,19562,SDX 270(*),Sea Ray,2022,https://www.jdpowerconnect.com/Boats/32129078/Select-Options,32129078,2022-Sea Ray-SDX 270(*)
19560,19563,SDX 290,Sea Ray,2022,https://www.jdpowerconnect.com/Boats/32129079/Select-Options,32129079,2022-Sea Ray-SDX 290
19561,19564,SDX 290(*),Sea Ray,2022,https://www.jdpowerconnect.com/Boats/32129080/Select-Options,32129080,2022-Sea Ray-SDX 290(*)
19562,19565,SLX 250,Sea Ray,2022,https://www.jdpowerconnect.com/Boats/32129069/Select-Options,32129069,2022-Sea Ray-SLX 250
19563,19566,SLX 280,Sea Ray,2022,https://www.jdpowerconnect.com/Boats/32129070/Select-Options,32129070,2022-Sea Ray-SLX 280
19564,19567,SLX 310,Sea Ray,2022,https://www.jdpowerconnect.com/Boats/32129071/Select-Options,32129071,2022-Sea Ray-SLX 310
19565,19568,SLX 310(*),Sea Ray,2022,https://www.jdpowerconnect.com/Boats/32129072/Select-Options,32129072,2022-Sea Ray-SLX 310(*)
19566,19569,SLX 350(*),Sea Ray,2022,https://www.jdpowerconnect.com/Boats/32129084/Select-Options,32129084,2022-Sea Ray-SLX 350(*)
19567,19570,SLX 350,Sea Ray,2022,https://www.jdpowerconnect.com/Boats/32129083/Select-Options,32129083,2022-Sea Ray-SLX 350
19568,19571,SLX 400,Sea Ray,2022,https://www.jdpowerconnect.com/Boats/32129073/Select-Options,32129073,2022-Sea Ray-SLX 400
19569,19572,SLX 400(*),Sea Ray,2022,https://www.jdpowerconnect.com/Boats/32129074/Select-Options,32129074,2022-Sea Ray-SLX 400(*)
19570,19573,SPX 190(**),Sea Ray,2022,https://www.jdpowerconnect.com/Boats/32129063/Select-Options,32129063,2022-Sea Ray-SPX 190(**)
19571,19574,SPX 190(***),Sea Ray,2022,https://www.jdpowerconnect.com/Boats/32129064/Select-Options,32129064,2022-Sea Ray-SPX 190(***)
19572,19575,SPX 210(**),Sea Ray,2022,https://www.jdpowerconnect.com/Boats/32129065/Select-Options,32129065,2022-Sea Ray-SPX 210(**)
19573,19576,SPX 210(***),Sea Ray,2022,https://www.jdpowerconnect.com/Boats/32129066/Select-Options,32129066,2022-Sea Ray-SPX 210(***)
19574,19577,SPX 230,Sea Ray,2022,https://www.jdpowerconnect.com/Boats/32129067/Select-Options,32129067,2022-Sea Ray-SPX 230
19575,19578,SPX 230(*),Sea Ray,2022,https://www.jdpowerconnect.com/Boats/32129068/Select-Options,32129068,2022-Sea Ray-SPX 230(*)
19576,19579,SUNDANCER 320,Sea Ray,2022,https://www.jdpowerconnect.com/Boats/32129081/Select-Options,32129081,2022-Sea Ray-SUNDANCER 320
19577,19580,SUNDANCER 320(*),Sea Ray,2022,https://www.jdpowerconnect.com/Boats/32129082/Select-Options,32129082,2022-Sea Ray-SUNDANCER 320(*)
19578,19581,SUNDANCER 370(*),Sea Ray,2022,https://www.jdpowerconnect.com/Boats/32129085/Select-Options,32129085,2022-Sea Ray-SUNDANCER 370(*)
19579,19582,SDX 250,Sea Ray,2021,https://www.jdpowerconnect.com/Boats/32115250/Select-Options,32115250,2021-Sea Ray-SDX 250
19580,19583,SDX 250(*),Sea Ray,2021,https://www.jdpowerconnect.com/Boats/32115251/Select-Options,32115251,2021-Sea Ray-SDX 250(*)
19581,19584,SDX 270,Sea Ray,2021,https://www.jdpowerconnect.com/Boats/32115252/Select-Options,32115252,2021-Sea Ray-SDX 270
19582,19585,SDX 270(*),Sea Ray,2021,https://www.jdpowerconnect.com/Boats/32115253/Select-Options,32115253,2021-Sea Ray-SDX 270(*)
19583,19586,SDX 290,Sea Ray,2021,https://www.jdpowerconnect.com/Boats/32115254/Select-Options,32115254,2021-Sea Ray-SDX 290
19584,19587,SDX 290(*),Sea Ray,2021,https://www.jdpowerconnect.com/Boats/32115255/Select-Options,32115255,2021-Sea Ray-SDX 290(*)
19585,19588,SLX 230,Sea Ray,2021,https://www.jdpowerconnect.com/Boats/32115242/Select-Options,32115242,2021-Sea Ray-SLX 230
19586,19589,SLX 250,Sea Ray,2021,https://www.jdpowerconnect.com/Boats/32115243/Select-Options,32115243,2021-Sea Ray-SLX 250
19587,19590,SLX 280,Sea Ray,2021,https://www.jdpowerconnect.com/Boats/32115244/Select-Options,32115244,2021-Sea Ray-SLX 280
19588,19591,SLX 310,Sea Ray,2021,https://www.jdpowerconnect.com/Boats/32115245/Select-Options,32115245,2021-Sea Ray-SLX 310
19589,19592,SLX 310 AXIUS,Sea Ray,2021,https://www.jdpowerconnect.com/Boats/32115246/Select-Options,32115246,2021-Sea Ray-SLX 310 AXIUS
19590,19593,SLX 310(*),Sea Ray,2021,https://www.jdpowerconnect.com/Boats/32115247/Select-Options,32115247,2021-Sea Ray-SLX 310(*)
19591,19594,SLX 350(*),Sea Ray,2021,https://www.jdpowerconnect.com/Boats/32115263/Select-Options,32115263,2021-Sea Ray-SLX 350(*)
19592,19595,SLX 350 AXIUS,Sea Ray,2021,https://www.jdpowerconnect.com/Boats/32115262/Select-Options,32115262,2021-Sea Ray-SLX 350 AXIUS
19593,19596,SLX 400,Sea Ray,2021,https://www.jdpowerconnect.com/Boats/32115261/Select-Options,32115261,2021-Sea Ray-SLX 400
19594,19597,SLX 400 AXIUS,Sea Ray,2021,https://www.jdpowerconnect.com/Boats/32115248/Select-Options,32115248,2021-Sea Ray-SLX 400 AXIUS
19595,19598,SLX 400(*),Sea Ray,2021,https://www.jdpowerconnect.com/Boats/32115249/Select-Options,32115249,2021-Sea Ray-SLX 400(*)
19596,19599,SPX 190(**),Sea Ray,2021,https://www.jdpowerconnect.com/Boats/32115236/Select-Options,32115236,2021-Sea Ray-SPX 190(**)
19597,19600,SPX 190(***),Sea Ray,2021,https://www.jdpowerconnect.com/Boats/32115237/Select-Options,32115237,2021-Sea Ray-SPX 190(***)
19598,19601,SPX 210(**),Sea Ray,2021,https://www.jdpowerconnect.com/Boats/32115238/Select-Options,32115238,2021-Sea Ray-SPX 210(**)
19599,19602,SPX 210(***),Sea Ray,2021,https://www.jdpowerconnect.com/Boats/32115239/Select-Options,32115239,2021-Sea Ray-SPX 210(***)
19600,19603,SPX 230,Sea Ray,2021,https://www.jdpowerconnect.com/Boats/32115240/Select-Options,32115240,2021-Sea Ray-SPX 230
19601,19604,SPX 230(*),Sea Ray,2021,https://www.jdpowerconnect.com/Boats/32115241/Select-Options,32115241,2021-Sea Ray-SPX 230(*)
19602,19605,SUNDANCER 320 AXIUS,Sea Ray,2021,https://www.jdpowerconnect.com/Boats/32115256/Select-Options,32115256,2021-Sea Ray-SUNDANCER 320 AXIUS
19603,19606,SUNDANCER 320(*),Sea Ray,2021,https://www.jdpowerconnect.com/Boats/32115257/Select-Options,32115257,2021-Sea Ray-SUNDANCER 320(*)
19604,19607,SUNDANCER 350,Sea Ray,2021,https://www.jdpowerconnect.com/Boats/32115258/Select-Options,32115258,2021-Sea Ray-SUNDANCER 350
19605,19608,SUNDANCER 350 COUPE,Sea Ray,2021,https://www.jdpowerconnect.com/Boats/32115259/Select-Options,32115259,2021-Sea Ray-SUNDANCER 350 COUPE
19606,19609,SUNDANCER 350 COUPE AXIUS,Sea Ray,2021,https://www.jdpowerconnect.com/Boats/32115260/Select-Options,32115260,2021-Sea Ray-SUNDANCER 350 COUPE AXIUS
19607,19610,SDX 250,Sea Ray,2020,https://www.jdpowerconnect.com/Boats/32099931/Select-Options,32099931,2020-Sea Ray-SDX 250
19608,19611,SDX 250(*),Sea Ray,2020,https://www.jdpowerconnect.com/Boats/32099932/Select-Options,32099932,2020-Sea Ray-SDX 250(*)
19609,19612,SDX 270,Sea Ray,2020,https://www.jdpowerconnect.com/Boats/32099933/Select-Options,32099933,2020-Sea Ray-SDX 270
19610,19613,SDX 270(*),Sea Ray,2020,https://www.jdpowerconnect.com/Boats/32099934/Select-Options,32099934,2020-Sea Ray-SDX 270(*)
19611,19614,SDX 290,Sea Ray,2020,https://www.jdpowerconnect.com/Boats/32099935/Select-Options,32099935,2020-Sea Ray-SDX 290
19612,19615,SDX 290(*),Sea Ray,2020,https://www.jdpowerconnect.com/Boats/32099936/Select-Options,32099936,2020-Sea Ray-SDX 290(*)
19613,19616,SLX 230,Sea Ray,2020,https://www.jdpowerconnect.com/Boats/32099923/Select-Options,32099923,2020-Sea Ray-SLX 230
19614,19617,SLX 250,Sea Ray,2020,https://www.jdpowerconnect.com/Boats/32099924/Select-Options,32099924,2020-Sea Ray-SLX 250
19615,19618,SLX 280,Sea Ray,2020,https://www.jdpowerconnect.com/Boats/32099925/Select-Options,32099925,2020-Sea Ray-SLX 280
19616,19619,SLX 310,Sea Ray,2020,https://www.jdpowerconnect.com/Boats/32099926/Select-Options,32099926,2020-Sea Ray-SLX 310
19617,19620,SLX 310 AXIUS,Sea Ray,2020,https://www.jdpowerconnect.com/Boats/32099927/Select-Options,32099927,2020-Sea Ray-SLX 310 AXIUS
19618,19621,SLX 310(*),Sea Ray,2020,https://www.jdpowerconnect.com/Boats/32099928/Select-Options,32099928,2020-Sea Ray-SLX 310(*)
19619,19622,SLX 400 AXIUS,Sea Ray,2020,https://www.jdpowerconnect.com/Boats/32099929/Select-Options,32099929,2020-Sea Ray-SLX 400 AXIUS
19620,19623,SLX 400(*),Sea Ray,2020,https://www.jdpowerconnect.com/Boats/32099930/Select-Options,32099930,2020-Sea Ray-SLX 400(*)
19621,19624,SPX 190(**),Sea Ray,2020,https://www.jdpowerconnect.com/Boats/32099917/Select-Options,32099917,2020-Sea Ray-SPX 190(**)
19622,19625,SPX 190(***),Sea Ray,2020,https://www.jdpowerconnect.com/Boats/32099918/Select-Options,32099918,2020-Sea Ray-SPX 190(***)
19623,19626,SPX 210(**),Sea Ray,2020,https://www.jdpowerconnect.com/Boats/32099919/Select-Options,32099919,2020-Sea Ray-SPX 210(**)
19624,19627,SPX 210(***),Sea Ray,2020,https://www.jdpowerconnect.com/Boats/32099920/Select-Options,32099920,2020-Sea Ray-SPX 210(***)
19625,19628,SPX 230,Sea Ray,2020,https://www.jdpowerconnect.com/Boats/32099921/Select-Options,32099921,2020-Sea Ray-SPX 230
19626,19629,SPX 230(*),Sea Ray,2020,https://www.jdpowerconnect.com/Boats/32099922/Select-Options,32099922,2020-Sea Ray-SPX 230(*)
19627,19630,SUNDANCER 320 AXIUS,Sea Ray,2020,https://www.jdpowerconnect.com/Boats/32099937/Select-Options,32099937,2020-Sea Ray-SUNDANCER 320 AXIUS
19628,19631,SUNDANCER 320(*),Sea Ray,2020,https://www.jdpowerconnect.com/Boats/32099938/Select-Options,32099938,2020-Sea Ray-SUNDANCER 320(*)
19629,19632,SUNDANCER 350,Sea Ray,2020,https://www.jdpowerconnect.com/Boats/32099941/Select-Options,32099941,2020-Sea Ray-SUNDANCER 350
19630,19633,SUNDANCER 350,Sea Ray,2020,https://www.jdpowerconnect.com/Boats/32099939/Select-Options,32099939,2020-Sea Ray-SUNDANCER 350
19631,19634,SUNDANCER 350 AXIUS,Sea Ray,2020,https://www.jdpowerconnect.com/Boats/32099940/Select-Options,32099940,2020-Sea Ray-SUNDANCER 350 AXIUS
19632,19635,SUNDANCER 350 COUPE,Sea Ray,2020,https://www.jdpowerconnect.com/Boats/32099942/Select-Options,32099942,2020-Sea Ray-SUNDANCER 350 COUPE
19633,19636,SUNDANCER 350 COUPE,Sea Ray,2020,https://www.jdpowerconnect.com/Boats/32099944/Select-Options,32099944,2020-Sea Ray-SUNDANCER 350 COUPE
19634,19637,SUNDANCER 350 COUPE AXIUS,Sea Ray,2020,https://www.jdpowerconnect.com/Boats/32099943/Select-Options,32099943,2020-Sea Ray-SUNDANCER 350 COUPE AXIUS
19635,19638,SDX 250,Sea Ray,2019,https://www.jdpowerconnect.com/Boats/32099803/Select-Options,32099803,2019-Sea Ray-SDX 250
19636,19639,SDX 250(*),Sea Ray,2019,https://www.jdpowerconnect.com/Boats/32099804/Select-Options,32099804,2019-Sea Ray-SDX 250(*)
19637,19640,SDX 270,Sea Ray,2019,https://www.jdpowerconnect.com/Boats/32099805/Select-Options,32099805,2019-Sea Ray-SDX 270
19638,19641,SDX 270(*),Sea Ray,2019,https://www.jdpowerconnect.com/Boats/32099806/Select-Options,32099806,2019-Sea Ray-SDX 270(*)
19639,19642,SDX 290,Sea Ray,2019,https://www.jdpowerconnect.com/Boats/32099807/Select-Options,32099807,2019-Sea Ray-SDX 290
19640,19643,SDX 290(*),Sea Ray,2019,https://www.jdpowerconnect.com/Boats/32099808/Select-Options,32099808,2019-Sea Ray-SDX 290(*)
19641,19644,SLX 230,Sea Ray,2019,https://www.jdpowerconnect.com/Boats/32099793/Select-Options,32099793,2019-Sea Ray-SLX 230
19642,19645,SLX 250,Sea Ray,2019,https://www.jdpowerconnect.com/Boats/32099794/Select-Options,32099794,2019-Sea Ray-SLX 250
19643,19646,SLX 280,Sea Ray,2019,https://www.jdpowerconnect.com/Boats/32099795/Select-Options,32099795,2019-Sea Ray-SLX 280
19644,19647,SLX 310,Sea Ray,2019,https://www.jdpowerconnect.com/Boats/32099796/Select-Options,32099796,2019-Sea Ray-SLX 310
19645,19648,SLX 310,Sea Ray,2019,https://www.jdpowerconnect.com/Boats/32099797/Select-Options,32099797,2019-Sea Ray-SLX 310
19646,19649,SLX 310 AXIUS,Sea Ray,2019,https://www.jdpowerconnect.com/Boats/32099798/Select-Options,32099798,2019-Sea Ray-SLX 310 AXIUS
19647,19650,SLX 310(*),Sea Ray,2019,https://www.jdpowerconnect.com/Boats/32099799/Select-Options,32099799,2019-Sea Ray-SLX 310(*)
19648,19651,SLX 350 AXIUS,Sea Ray,2019,https://www.jdpowerconnect.com/Boats/32099823/Select-Options,32099823,2019-Sea Ray-SLX 350 AXIUS
19649,19652,SLX 400,Sea Ray,2019,https://www.jdpowerconnect.com/Boats/32099801/Select-Options,32099801,2019-Sea Ray-SLX 400
19650,19653,SLX 400 AXIUS,Sea Ray,2019,https://www.jdpowerconnect.com/Boats/32099800/Select-Options,32099800,2019-Sea Ray-SLX 400 AXIUS
19651,19654,SLX 400(*),Sea Ray,2019,https://www.jdpowerconnect.com/Boats/32099802/Select-Options,32099802,2019-Sea Ray-SLX 400(*)
19652,19655,SPX 190(**),Sea Ray,2019,https://www.jdpowerconnect.com/Boats/32099787/Select-Options,32099787,2019-Sea Ray-SPX 190(**)
19653,19656,SPX 190(***),Sea Ray,2019,https://www.jdpowerconnect.com/Boats/32099788/Select-Options,32099788,2019-Sea Ray-SPX 190(***)
19654,19657,SPX 210(**),Sea Ray,2019,https://www.jdpowerconnect.com/Boats/32099789/Select-Options,32099789,2019-Sea Ray-SPX 210(**)
19655,19658,SPX 210(***),Sea Ray,2019,https://www.jdpowerconnect.com/Boats/32099790/Select-Options,32099790,2019-Sea Ray-SPX 210(***)
19656,19659,SPX 230,Sea Ray,2019,https://www.jdpowerconnect.com/Boats/32099791/Select-Options,32099791,2019-Sea Ray-SPX 230
19657,19660,SPX 230(*),Sea Ray,2019,https://www.jdpowerconnect.com/Boats/32099792/Select-Options,32099792,2019-Sea Ray-SPX 230(*)
19658,19661,SUNDANCER 320,Sea Ray,2019,https://www.jdpowerconnect.com/Boats/32099811/Select-Options,32099811,2019-Sea Ray-SUNDANCER 320
19659,19662,SUNDANCER 320,Sea Ray,2019,https://www.jdpowerconnect.com/Boats/32099809/Select-Options,32099809,2019-Sea Ray-SUNDANCER 320
19660,19663,SUNDANCER 320 AXIUS,Sea Ray,2019,https://www.jdpowerconnect.com/Boats/32099810/Select-Options,32099810,2019-Sea Ray-SUNDANCER 320 AXIUS
19661,19664,SUNDANCER 320(*),Sea Ray,2019,https://www.jdpowerconnect.com/Boats/32099812/Select-Options,32099812,2019-Sea Ray-SUNDANCER 320(*)
19662,19665,SUNDANCER 350,Sea Ray,2019,https://www.jdpowerconnect.com/Boats/32099815/Select-Options,32099815,2019-Sea Ray-SUNDANCER 350
19663,19666,SUNDANCER 350,Sea Ray,2019,https://www.jdpowerconnect.com/Boats/32099813/Select-Options,32099813,2019-Sea Ray-SUNDANCER 350
19664,19667,SUNDANCER 350,Sea Ray,2019,https://www.jdpowerconnect.com/Boats/32099816/Select-Options,32099816,2019-Sea Ray-SUNDANCER 350
19665,19668,SUNDANCER 350,Sea Ray,2019,https://www.jdpowerconnect.com/Boats/32099817/Select-Options,32099817,2019-Sea Ray-SUNDANCER 350
19666,19669,SUNDANCER 350 AXIUS,Sea Ray,2019,https://www.jdpowerconnect.com/Boats/32099814/Select-Options,32099814,2019-Sea Ray-SUNDANCER 350 AXIUS
19667,19670,SUNDANCER 350 COUPE,Sea Ray,2019,https://www.jdpowerconnect.com/Boats/32099818/Select-Options,32099818,2019-Sea Ray-SUNDANCER 350 COUPE
19668,19671,SUNDANCER 350 COUPE,Sea Ray,2019,https://www.jdpowerconnect.com/Boats/32099820/Select-Options,32099820,2019-Sea Ray-SUNDANCER 350 COUPE
19669,19672,SUNDANCER 350 COUPE,Sea Ray,2019,https://www.jdpowerconnect.com/Boats/32099821/Select-Options,32099821,2019-Sea Ray-SUNDANCER 350 COUPE
19670,19673,SUNDANCER 350 COUPE,Sea Ray,2019,https://www.jdpowerconnect.com/Boats/32099822/Select-Options,32099822,2019-Sea Ray-SUNDANCER 350 COUPE
19671,19674,SUNDANCER 350 COUPE AXIUS,Sea Ray,2019,https://www.jdpowerconnect.com/Boats/32099819/Select-Options,32099819,2019-Sea Ray-SUNDANCER 350 COUPE AXIUS
19672,19675,FLY 400,Sea Ray,2018,https://www.jdpowerconnect.com/Boats/32082044/Select-Options,32082044,2018-Sea Ray-FLY 400
19673,19676,FLY 460,Sea Ray,2018,https://www.jdpowerconnect.com/Boats/32082048/Select-Options,32082048,2018-Sea Ray-FLY 460
19674,19677,FLY 460 ZEUS,Sea Ray,2018,https://www.jdpowerconnect.com/Boats/32082047/Select-Options,32082047,2018-Sea Ray-FLY 460 ZEUS
19675,19678,FLY 510,Sea Ray,2018,https://www.jdpowerconnect.com/Boats/32082052/Select-Options,32082052,2018-Sea Ray-FLY 510
19676,19679,FLY 510 ZEUS,Sea Ray,2018,https://www.jdpowerconnect.com/Boats/32082053/Select-Options,32082053,2018-Sea Ray-FLY 510 ZEUS
19677,19680,FLY 520,Sea Ray,2018,https://www.jdpowerconnect.com/Boats/32082055/Select-Options,32082055,2018-Sea Ray-FLY 520
19678,19681,L550,Sea Ray,2018,https://www.jdpowerconnect.com/Boats/32082056/Select-Options,32082056,2018-Sea Ray-L550
19679,19682,L550 FLY,Sea Ray,2018,https://www.jdpowerconnect.com/Boats/32082057/Select-Options,32082057,2018-Sea Ray-L550 FLY
19680,19683,L590,Sea Ray,2018,https://www.jdpowerconnect.com/Boats/32082058/Select-Options,32082058,2018-Sea Ray-L590
19681,19684,L590 FLY,Sea Ray,2018,https://www.jdpowerconnect.com/Boats/32082059/Select-Options,32082059,2018-Sea Ray-L590 FLY
19682,19685,L590 FLY ZEUS,Sea Ray,2018,https://www.jdpowerconnect.com/Boats/32082061/Select-Options,32082061,2018-Sea Ray-L590 FLY ZEUS
19683,19686,L590 ZEUS,Sea Ray,2018,https://www.jdpowerconnect.com/Boats/32082060/Select-Options,32082060,2018-Sea Ray-L590 ZEUS
19684,19687,SDX 250,Sea Ray,2018,https://www.jdpowerconnect.com/Boats/32082021/Select-Options,32082021,2018-Sea Ray-SDX 250
19685,19688,SDX 250(*),Sea Ray,2018,https://www.jdpowerconnect.com/Boats/32082022/Select-Options,32082022,2018-Sea Ray-SDX 250(*)
19686,19689,SDX 270,Sea Ray,2018,https://www.jdpowerconnect.com/Boats/32082023/Select-Options,32082023,2018-Sea Ray-SDX 270
19687,19690,SDX 270(*),Sea Ray,2018,https://www.jdpowerconnect.com/Boats/32082024/Select-Options,32082024,2018-Sea Ray-SDX 270(*)
19688,19691,SDX 290,Sea Ray,2018,https://www.jdpowerconnect.com/Boats/32082025/Select-Options,32082025,2018-Sea Ray-SDX 290
19689,19692,SDX 290(*),Sea Ray,2018,https://www.jdpowerconnect.com/Boats/32082026/Select-Options,32082026,2018-Sea Ray-SDX 290(*)
19690,19693,SLX 230,Sea Ray,2018,https://www.jdpowerconnect.com/Boats/32082006/Select-Options,32082006,2018-Sea Ray-SLX 230
19691,19694,SLX-W 230,Sea Ray,2018,https://www.jdpowerconnect.com/Boats/32082020/Select-Options,32082020,2018-Sea Ray-SLX-W 230
19692,19695,SLX 250,Sea Ray,2018,https://www.jdpowerconnect.com/Boats/32082007/Select-Options,32082007,2018-Sea Ray-SLX 250
19693,19696,SLX 280,Sea Ray,2018,https://www.jdpowerconnect.com/Boats/32082008/Select-Options,32082008,2018-Sea Ray-SLX 280
19694,19697,SLX 310,Sea Ray,2018,https://www.jdpowerconnect.com/Boats/32082009/Select-Options,32082009,2018-Sea Ray-SLX 310
19695,19698,SLX 310,Sea Ray,2018,https://www.jdpowerconnect.com/Boats/32082010/Select-Options,32082010,2018-Sea Ray-SLX 310
19696,19699,SLX 310 AXIUS,Sea Ray,2018,https://www.jdpowerconnect.com/Boats/32082011/Select-Options,32082011,2018-Sea Ray-SLX 310 AXIUS
19697,19700,SLX 310(*),Sea Ray,2018,https://www.jdpowerconnect.com/Boats/32082012/Select-Options,32082012,2018-Sea Ray-SLX 310(*)
19698,19701,SLX 350,Sea Ray,2018,https://www.jdpowerconnect.com/Boats/32082013/Select-Options,32082013,2018-Sea Ray-SLX 350
19699,19702,SLX 350,Sea Ray,2018,https://www.jdpowerconnect.com/Boats/32082015/Select-Options,32082015,2018-Sea Ray-SLX 350
19700,19703,SLX 350 AXIUS,Sea Ray,2018,https://www.jdpowerconnect.com/Boats/32082014/Select-Options,32082014,2018-Sea Ray-SLX 350 AXIUS
19701,19704,SLX 350(*),Sea Ray,2018,https://www.jdpowerconnect.com/Boats/32082016/Select-Options,32082016,2018-Sea Ray-SLX 350(*)
19702,19705,SLX 400,Sea Ray,2018,https://www.jdpowerconnect.com/Boats/32082018/Select-Options,32082018,2018-Sea Ray-SLX 400
19703,19706,SLX 400 AXIUS,Sea Ray,2018,https://www.jdpowerconnect.com/Boats/32082017/Select-Options,32082017,2018-Sea Ray-SLX 400 AXIUS
19704,19707,SLX 400(*),Sea Ray,2018,https://www.jdpowerconnect.com/Boats/32082019/Select-Options,32082019,2018-Sea Ray-SLX 400(*)
19705,19708,SPX 190(**),Sea Ray,2018,https://www.jdpowerconnect.com/Boats/32082000/Select-Options,32082000,2018-Sea Ray-SPX 190(**)
19706,19709,SPX 190(***),Sea Ray,2018,https://www.jdpowerconnect.com/Boats/32082001/Select-Options,32082001,2018-Sea Ray-SPX 190(***)
19707,19710,SPX 210(**),Sea Ray,2018,https://www.jdpowerconnect.com/Boats/32082002/Select-Options,32082002,2018-Sea Ray-SPX 210(**)
19708,19711,SPX 210(***),Sea Ray,2018,https://www.jdpowerconnect.com/Boats/32082003/Select-Options,32082003,2018-Sea Ray-SPX 210(***)
19709,19712,SPX 230,Sea Ray,2018,https://www.jdpowerconnect.com/Boats/32082004/Select-Options,32082004,2018-Sea Ray-SPX 230
19710,19713,SPX 230(*),Sea Ray,2018,https://www.jdpowerconnect.com/Boats/32082005/Select-Options,32082005,2018-Sea Ray-SPX 230(*)
19711,19714,SUNDANCER 260,Sea Ray,2018,https://www.jdpowerconnect.com/Boats/32082027/Select-Options,32082027,2018-Sea Ray-SUNDANCER 260
19712,19715,SUNDANCER 260,Sea Ray,2018,https://www.jdpowerconnect.com/Boats/32082028/Select-Options,32082028,2018-Sea Ray-SUNDANCER 260
19713,19716,SUNDANCER 320,Sea Ray,2018,https://www.jdpowerconnect.com/Boats/32082029/Select-Options,32082029,2018-Sea Ray-SUNDANCER 320
19714,19717,SUNDANCER 320,Sea Ray,2018,https://www.jdpowerconnect.com/Boats/32082031/Select-Options,32082031,2018-Sea Ray-SUNDANCER 320
19715,19718,SUNDANCER 320 AXIUS,Sea Ray,2018,https://www.jdpowerconnect.com/Boats/32082030/Select-Options,32082030,2018-Sea Ray-SUNDANCER 320 AXIUS
19716,19719,SUNDANCER 320(*),Sea Ray,2018,https://www.jdpowerconnect.com/Boats/32082032/Select-Options,32082032,2018-Sea Ray-SUNDANCER 320(*)
19717,19720,SUNDANCER 350,Sea Ray,2018,https://www.jdpowerconnect.com/Boats/32082033/Select-Options,32082033,2018-Sea Ray-SUNDANCER 350
19718,19721,SUNDANCER 350,Sea Ray,2018,https://www.jdpowerconnect.com/Boats/32082037/Select-Options,32082037,2018-Sea Ray-SUNDANCER 350
19719,19722,SUNDANCER 350,Sea Ray,2018,https://www.jdpowerconnect.com/Boats/32082035/Select-Options,32082035,2018-Sea Ray-SUNDANCER 350
19720,19723,SUNDANCER 350,Sea Ray,2018,https://www.jdpowerconnect.com/Boats/32082036/Select-Options,32082036,2018-Sea Ray-SUNDANCER 350
19721,19724,SUNDANCER 350 AXIUS,Sea Ray,2018,https://www.jdpowerconnect.com/Boats/32082034/Select-Options,32082034,2018-Sea Ray-SUNDANCER 350 AXIUS
19722,19725,SUNDANCER 350 COUPE,Sea Ray,2018,https://www.jdpowerconnect.com/Boats/32082038/Select-Options,32082038,2018-Sea Ray-SUNDANCER 350 COUPE
19723,19726,SUNDANCER 350 COUPE,Sea Ray,2018,https://www.jdpowerconnect.com/Boats/32082042/Select-Options,32082042,2018-Sea Ray-SUNDANCER 350 COUPE
19724,19727,SUNDANCER 350 COUPE,Sea Ray,2018,https://www.jdpowerconnect.com/Boats/32082040/Select-Options,32082040,2018-Sea Ray-SUNDANCER 350 COUPE
19725,19728,SUNDANCER 350 COUPE,Sea Ray,2018,https://www.jdpowerconnect.com/Boats/32082041/Select-Options,32082041,2018-Sea Ray-SUNDANCER 350 COUPE
19726,19729,SUNDANCER 350 COUPE AXIUS,Sea Ray,2018,https://www.jdpowerconnect.com/Boats/32082039/Select-Options,32082039,2018-Sea Ray-SUNDANCER 350 COUPE AXIUS
19727,19730,SUNDANCER 400,Sea Ray,2018,https://www.jdpowerconnect.com/Boats/32082043/Select-Options,32082043,2018-Sea Ray-SUNDANCER 400
19728,19731,SUNDANCER 460,Sea Ray,2018,https://www.jdpowerconnect.com/Boats/32082046/Select-Options,32082046,2018-Sea Ray-SUNDANCER 460
19729,19732,SUNDANCER 460 ZEUS,Sea Ray,2018,https://www.jdpowerconnect.com/Boats/32082045/Select-Options,32082045,2018-Sea Ray-SUNDANCER 460 ZEUS
19730,19733,SUNDANCER 510,Sea Ray,2018,https://www.jdpowerconnect.com/Boats/32082049/Select-Options,32082049,2018-Sea Ray-SUNDANCER 510
19731,19734,SUNDANCER 510 SIGNATURE,Sea Ray,2018,https://www.jdpowerconnect.com/Boats/32082051/Select-Options,32082051,2018-Sea Ray-SUNDANCER 510 SIGNATURE
19732,19735,SUNDANCER 510 ZEUS,Sea Ray,2018,https://www.jdpowerconnect.com/Boats/32082050/Select-Options,32082050,2018-Sea Ray-SUNDANCER 510 ZEUS
19733,19736,SUNDANCER 520,Sea Ray,2018,https://www.jdpowerconnect.com/Boats/32082054/Select-Options,32082054,2018-Sea Ray-SUNDANCER 520
19734,19737,FLY 400,Sea Ray,2017,https://www.jdpowerconnect.com/Boats/32082108/Select-Options,32082108,2017-Sea Ray-FLY 400
19735,19738,FLY 460,Sea Ray,2017,https://www.jdpowerconnect.com/Boats/32082112/Select-Options,32082112,2017-Sea Ray-FLY 460
19736,19739,FLY 460 ZEUS,Sea Ray,2017,https://www.jdpowerconnect.com/Boats/32082111/Select-Options,32082111,2017-Sea Ray-FLY 460 ZEUS
19737,19740,FLY 510,Sea Ray,2017,https://www.jdpowerconnect.com/Boats/32082115/Select-Options,32082115,2017-Sea Ray-FLY 510
19738,19741,FLY 510 ZEUS,Sea Ray,2017,https://www.jdpowerconnect.com/Boats/32082116/Select-Options,32082116,2017-Sea Ray-FLY 510 ZEUS
19739,19742,L550,Sea Ray,2017,https://www.jdpowerconnect.com/Boats/32082119/Select-Options,32082119,2017-Sea Ray-L550
19740,19743,L550 FLY,Sea Ray,2017,https://www.jdpowerconnect.com/Boats/32082120/Select-Options,32082120,2017-Sea Ray-L550 FLY
19741,19744,L590,Sea Ray,2017,https://www.jdpowerconnect.com/Boats/32082121/Select-Options,32082121,2017-Sea Ray-L590
19742,19745,L590 FLY,Sea Ray,2017,https://www.jdpowerconnect.com/Boats/32082122/Select-Options,32082122,2017-Sea Ray-L590 FLY
19743,19746,L590 FLY ZEUS,Sea Ray,2017,https://www.jdpowerconnect.com/Boats/32082124/Select-Options,32082124,2017-Sea Ray-L590 FLY ZEUS
19744,19747,L590 ZEUS,Sea Ray,2017,https://www.jdpowerconnect.com/Boats/32082123/Select-Options,32082123,2017-Sea Ray-L590 ZEUS
19745,19748,SDX 220,Sea Ray,2017,https://www.jdpowerconnect.com/Boats/32082078/Select-Options,32082078,2017-Sea Ray-SDX 220
19746,19749,SDX 220(*),Sea Ray,2017,https://www.jdpowerconnect.com/Boats/32082079/Select-Options,32082079,2017-Sea Ray-SDX 220(*)
19747,19750,SDX 240,Sea Ray,2017,https://www.jdpowerconnect.com/Boats/32082080/Select-Options,32082080,2017-Sea Ray-SDX 240
19748,19751,SDX 240(*),Sea Ray,2017,https://www.jdpowerconnect.com/Boats/32082081/Select-Options,32082081,2017-Sea Ray-SDX 240(*)
19749,19752,SDX 270,Sea Ray,2017,https://www.jdpowerconnect.com/Boats/32082082/Select-Options,32082082,2017-Sea Ray-SDX 270
19750,19753,SDX 270(*),Sea Ray,2017,https://www.jdpowerconnect.com/Boats/32082083/Select-Options,32082083,2017-Sea Ray-SDX 270(*)
19751,19754,SDX 290,Sea Ray,2017,https://www.jdpowerconnect.com/Boats/32082084/Select-Options,32082084,2017-Sea Ray-SDX 290
19752,19755,SDX 290(*),Sea Ray,2017,https://www.jdpowerconnect.com/Boats/32082085/Select-Options,32082085,2017-Sea Ray-SDX 290(*)
19753,19756,SLX 230,Sea Ray,2017,https://www.jdpowerconnect.com/Boats/32082066/Select-Options,32082066,2017-Sea Ray-SLX 230
19754,19757,SLX-W 230,Sea Ray,2017,https://www.jdpowerconnect.com/Boats/32082077/Select-Options,32082077,2017-Sea Ray-SLX-W 230
19755,19758,SLX 250,Sea Ray,2017,https://www.jdpowerconnect.com/Boats/32082067/Select-Options,32082067,2017-Sea Ray-SLX 250
19756,19759,SLX 280,Sea Ray,2017,https://www.jdpowerconnect.com/Boats/32082068/Select-Options,32082068,2017-Sea Ray-SLX 280
19757,19760,SLX 310,Sea Ray,2017,https://www.jdpowerconnect.com/Boats/32082069/Select-Options,32082069,2017-Sea Ray-SLX 310
19758,19761,SLX 310,Sea Ray,2017,https://www.jdpowerconnect.com/Boats/32082070/Select-Options,32082070,2017-Sea Ray-SLX 310
19759,19762,SLX 310 AXIUS,Sea Ray,2017,https://www.jdpowerconnect.com/Boats/32082071/Select-Options,32082071,2017-Sea Ray-SLX 310 AXIUS
19760,19763,SLX 310(*),Sea Ray,2017,https://www.jdpowerconnect.com/Boats/32082072/Select-Options,32082072,2017-Sea Ray-SLX 310(*)
19761,19764,SLX 350,Sea Ray,2017,https://www.jdpowerconnect.com/Boats/32082075/Select-Options,32082075,2017-Sea Ray-SLX 350
19762,19765,SLX 350,Sea Ray,2017,https://www.jdpowerconnect.com/Boats/32082073/Select-Options,32082073,2017-Sea Ray-SLX 350
19763,19766,SLX 350 AXIUS,Sea Ray,2017,https://www.jdpowerconnect.com/Boats/32082074/Select-Options,32082074,2017-Sea Ray-SLX 350 AXIUS
19764,19767,SLX 350(*),Sea Ray,2017,https://www.jdpowerconnect.com/Boats/32082076/Select-Options,32082076,2017-Sea Ray-SLX 350(*)
19765,19768,SPX 190(**),Sea Ray,2017,https://www.jdpowerconnect.com/Boats/32082062/Select-Options,32082062,2017-Sea Ray-SPX 190(**)
19766,19769,SPX 190(***),Sea Ray,2017,https://www.jdpowerconnect.com/Boats/32082063/Select-Options,32082063,2017-Sea Ray-SPX 190(***)
19767,19770,SPX 210(**),Sea Ray,2017,https://www.jdpowerconnect.com/Boats/32082064/Select-Options,32082064,2017-Sea Ray-SPX 210(**)
19768,19771,SPX 210(***),Sea Ray,2017,https://www.jdpowerconnect.com/Boats/32082065/Select-Options,32082065,2017-Sea Ray-SPX 210(***)
19769,19772,SUNDANCER 260,Sea Ray,2017,https://www.jdpowerconnect.com/Boats/32082086/Select-Options,32082086,2017-Sea Ray-SUNDANCER 260
19770,19773,SUNDANCER 260,Sea Ray,2017,https://www.jdpowerconnect.com/Boats/32082087/Select-Options,32082087,2017-Sea Ray-SUNDANCER 260
19771,19774,SUNDANCER 280,Sea Ray,2017,https://www.jdpowerconnect.com/Boats/32082088/Select-Options,32082088,2017-Sea Ray-SUNDANCER 280
19772,19775,SUNDANCER 310,Sea Ray,2017,https://www.jdpowerconnect.com/Boats/32082089/Select-Options,32082089,2017-Sea Ray-SUNDANCER 310
19773,19776,SUNDANCER 310 AXIUS,Sea Ray,2017,https://www.jdpowerconnect.com/Boats/32082090/Select-Options,32082090,2017-Sea Ray-SUNDANCER 310 AXIUS
19774,19777,SUNDANCER 330,Sea Ray,2017,https://www.jdpowerconnect.com/Boats/32082091/Select-Options,32082091,2017-Sea Ray-SUNDANCER 330
19775,19778,SUNDANCER 330 AXIUS,Sea Ray,2017,https://www.jdpowerconnect.com/Boats/32082092/Select-Options,32082092,2017-Sea Ray-SUNDANCER 330 AXIUS
19776,19779,SUNDANCER 350,Sea Ray,2017,https://www.jdpowerconnect.com/Boats/32082096/Select-Options,32082096,2017-Sea Ray-SUNDANCER 350
19777,19780,SUNDANCER 350,Sea Ray,2017,https://www.jdpowerconnect.com/Boats/32082093/Select-Options,32082093,2017-Sea Ray-SUNDANCER 350
19778,19781,SUNDANCER 350,Sea Ray,2017,https://www.jdpowerconnect.com/Boats/32082097/Select-Options,32082097,2017-Sea Ray-SUNDANCER 350
19779,19782,SUNDANCER 350,Sea Ray,2017,https://www.jdpowerconnect.com/Boats/32082095/Select-Options,32082095,2017-Sea Ray-SUNDANCER 350
19780,19783,SUNDANCER 350 AXIUS,Sea Ray,2017,https://www.jdpowerconnect.com/Boats/32082094/Select-Options,32082094,2017-Sea Ray-SUNDANCER 350 AXIUS
19781,19784,SUNDANCER 350 COUPE,Sea Ray,2017,https://www.jdpowerconnect.com/Boats/32082098/Select-Options,32082098,2017-Sea Ray-SUNDANCER 350 COUPE
19782,19785,SUNDANCER 350 COUPE,Sea Ray,2017,https://www.jdpowerconnect.com/Boats/32082100/Select-Options,32082100,2017-Sea Ray-SUNDANCER 350 COUPE
19783,19786,SUNDANCER 350 COUPE,Sea Ray,2017,https://www.jdpowerconnect.com/Boats/32082101/Select-Options,32082101,2017-Sea Ray-SUNDANCER 350 COUPE
19784,19787,SUNDANCER 350 COUPE,Sea Ray,2017,https://www.jdpowerconnect.com/Boats/32082102/Select-Options,32082102,2017-Sea Ray-SUNDANCER 350 COUPE
19785,19788,SUNDANCER 350 COUPE AXIUS,Sea Ray,2017,https://www.jdpowerconnect.com/Boats/32082099/Select-Options,32082099,2017-Sea Ray-SUNDANCER 350 COUPE AXIUS
19786,19789,SUNDANCER 370,Sea Ray,2017,https://www.jdpowerconnect.com/Boats/32082103/Select-Options,32082103,2017-Sea Ray-SUNDANCER 370
19787,19790,SUNDANCER 370,Sea Ray,2017,https://www.jdpowerconnect.com/Boats/32082105/Select-Options,32082105,2017-Sea Ray-SUNDANCER 370
19788,19791,SUNDANCER 370,Sea Ray,2017,https://www.jdpowerconnect.com/Boats/32082106/Select-Options,32082106,2017-Sea Ray-SUNDANCER 370
19789,19792,SUNDANCER 370 AXIUS,Sea Ray,2017,https://www.jdpowerconnect.com/Boats/32082104/Select-Options,32082104,2017-Sea Ray-SUNDANCER 370 AXIUS
19790,19793,SUNDANCER 400,Sea Ray,2017,https://www.jdpowerconnect.com/Boats/32082107/Select-Options,32082107,2017-Sea Ray-SUNDANCER 400
19791,19794,SUNDANCER 460,Sea Ray,2017,https://www.jdpowerconnect.com/Boats/32082110/Select-Options,32082110,2017-Sea Ray-SUNDANCER 460
19792,19795,SUNDANCER 460 ZEUS,Sea Ray,2017,https://www.jdpowerconnect.com/Boats/32082109/Select-Options,32082109,2017-Sea Ray-SUNDANCER 460 ZEUS
19793,19796,SUNDANCER 510,Sea Ray,2017,https://www.jdpowerconnect.com/Boats/32082113/Select-Options,32082113,2017-Sea Ray-SUNDANCER 510
19794,19797,SUNDANCER 510 ZEUS,Sea Ray,2017,https://www.jdpowerconnect.com/Boats/32082114/Select-Options,32082114,2017-Sea Ray-SUNDANCER 510 ZEUS
19795,19798,SUNDANCER 540,Sea Ray,2017,https://www.jdpowerconnect.com/Boats/32082117/Select-Options,32082117,2017-Sea Ray-SUNDANCER 540
19796,19799,SUNDANCER 540 ZEUS,Sea Ray,2017,https://www.jdpowerconnect.com/Boats/32082118/Select-Options,32082118,2017-Sea Ray-SUNDANCER 540 ZEUS
19797,19800,400 FLY,Sea Ray,2016,https://www.jdpowerconnect.com/Boats/32063954/Select-Options,32063954,2016-Sea Ray-400 FLY
19798,19801,510 FLY,Sea Ray,2016,https://www.jdpowerconnect.com/Boats/32063958/Select-Options,32063958,2016-Sea Ray-510 FLY
19799,19802,510 FLY ZEUS,Sea Ray,2016,https://www.jdpowerconnect.com/Boats/32063959/Select-Options,32063959,2016-Sea Ray-510 FLY ZEUS
19800,19803,L590 FLY ZEUS,Sea Ray,2016,https://www.jdpowerconnect.com/Boats/32063963/Select-Options,32063963,2016-Sea Ray-L590 FLY ZEUS
19801,19804,L590 ZEUS,Sea Ray,2016,https://www.jdpowerconnect.com/Boats/32063962/Select-Options,32063962,2016-Sea Ray-L590 ZEUS
19802,19805,230 SLN,Sea Ray,2016,https://www.jdpowerconnect.com/Boats/32063922/Select-Options,32063922,2016-Sea Ray-230 SLN
19803,19806,250 SLN,Sea Ray,2016,https://www.jdpowerconnect.com/Boats/32063923/Select-Options,32063923,2016-Sea Ray-250 SLN
19804,19807,280 SLX,Sea Ray,2016,https://www.jdpowerconnect.com/Boats/32063924/Select-Options,32063924,2016-Sea Ray-280 SLX
19805,19808,310 SLX,Sea Ray,2016,https://www.jdpowerconnect.com/Boats/32063925/Select-Options,32063925,2016-Sea Ray-310 SLX
19806,19809,310 SLX,Sea Ray,2016,https://www.jdpowerconnect.com/Boats/32063926/Select-Options,32063926,2016-Sea Ray-310 SLX
19807,19810,310 SLX AXIUS,Sea Ray,2016,https://www.jdpowerconnect.com/Boats/32063927/Select-Options,32063927,2016-Sea Ray-310 SLX AXIUS
19808,19811,350 SLX,Sea Ray,2016,https://www.jdpowerconnect.com/Boats/32063930/Select-Options,32063930,2016-Sea Ray-350 SLX
19809,19812,350 SLX,Sea Ray,2016,https://www.jdpowerconnect.com/Boats/32063928/Select-Options,32063928,2016-Sea Ray-350 SLX
19810,19813,350 SLX AXIUS,Sea Ray,2016,https://www.jdpowerconnect.com/Boats/32063929/Select-Options,32063929,2016-Sea Ray-350 SLX AXIUS
19811,19814,19 SPX(**),Sea Ray,2016,https://www.jdpowerconnect.com/Boats/32063918/Select-Options,32063918,2016-Sea Ray-19 SPX(**)
19812,19815,19 SPX(***),Sea Ray,2016,https://www.jdpowerconnect.com/Boats/32063919/Select-Options,32063919,2016-Sea Ray-19 SPX(***)
19813,19816,21 SPX(**),Sea Ray,2016,https://www.jdpowerconnect.com/Boats/32063920/Select-Options,32063920,2016-Sea Ray-21 SPX(**)
19814,19817,21 SPX(***),Sea Ray,2016,https://www.jdpowerconnect.com/Boats/32063921/Select-Options,32063921,2016-Sea Ray-21 SPX(***)
19815,19818,260 SUNDANCER,Sea Ray,2016,https://www.jdpowerconnect.com/Boats/32063938/Select-Options,32063938,2016-Sea Ray-260 SUNDANCER
19816,19819,260 SUNDANCER,Sea Ray,2016,https://www.jdpowerconnect.com/Boats/32063939/Select-Options,32063939,2016-Sea Ray-260 SUNDANCER
19817,19820,280 SUNDANCER,Sea Ray,2016,https://www.jdpowerconnect.com/Boats/32063940/Select-Options,32063940,2016-Sea Ray-280 SUNDANCER
19818,19821,310 SUNDANCER,Sea Ray,2016,https://www.jdpowerconnect.com/Boats/32063941/Select-Options,32063941,2016-Sea Ray-310 SUNDANCER
19819,19822,310 SUNDANCER AXIUS,Sea Ray,2016,https://www.jdpowerconnect.com/Boats/32063942/Select-Options,32063942,2016-Sea Ray-310 SUNDANCER AXIUS
19820,19823,330 SUNDANCER,Sea Ray,2016,https://www.jdpowerconnect.com/Boats/32063943/Select-Options,32063943,2016-Sea Ray-330 SUNDANCER
19821,19824,330 SUNDANCER AXIUS,Sea Ray,2016,https://www.jdpowerconnect.com/Boats/32063944/Select-Options,32063944,2016-Sea Ray-330 SUNDANCER AXIUS
19822,19825,350 SUNDANCER,Sea Ray,2016,https://www.jdpowerconnect.com/Boats/32063947/Select-Options,32063947,2016-Sea Ray-350 SUNDANCER
19823,19826,350 SUNDANCER,Sea Ray,2016,https://www.jdpowerconnect.com/Boats/32063945/Select-Options,32063945,2016-Sea Ray-350 SUNDANCER
19824,19827,350 SUNDANCER,Sea Ray,2016,https://www.jdpowerconnect.com/Boats/32063948/Select-Options,32063948,2016-Sea Ray-350 SUNDANCER
19825,19828,350 SUNDANCER AXIUS,Sea Ray,2016,https://www.jdpowerconnect.com/Boats/32063946/Select-Options,32063946,2016-Sea Ray-350 SUNDANCER AXIUS
19826,19829,SUNDANCER 350,Sea Ray,2016,https://www.jdpowerconnect.com/Boats/32082126/Select-Options,32082126,2016-Sea Ray-SUNDANCER 350
19827,19830,370 SUNDANCER,Sea Ray,2016,https://www.jdpowerconnect.com/Boats/32063949/Select-Options,32063949,2016-Sea Ray-370 SUNDANCER
19828,19831,370 SUNDANCER,Sea Ray,2016,https://www.jdpowerconnect.com/Boats/32063951/Select-Options,32063951,2016-Sea Ray-370 SUNDANCER
19829,19832,370 SUNDANCER,Sea Ray,2016,https://www.jdpowerconnect.com/Boats/32063952/Select-Options,32063952,2016-Sea Ray-370 SUNDANCER
19830,19833,370 SUNDANCER AXIUS,Sea Ray,2016,https://www.jdpowerconnect.com/Boats/32063950/Select-Options,32063950,2016-Sea Ray-370 SUNDANCER AXIUS
19831,19834,400 SUNDANCER,Sea Ray,2016,https://www.jdpowerconnect.com/Boats/32063953/Select-Options,32063953,2016-Sea Ray-400 SUNDANCER
19832,19835,SUNDANCER 400,Sea Ray,2016,https://www.jdpowerconnect.com/Boats/32082127/Select-Options,32082127,2016-Sea Ray-SUNDANCER 400
19833,19836,SUNDANCER 400,Sea Ray,2016,https://www.jdpowerconnect.com/Boats/32082128/Select-Options,32082128,2016-Sea Ray-SUNDANCER 400
19834,19837,470 SUNDANCER ZEUS,Sea Ray,2016,https://www.jdpowerconnect.com/Boats/32063955/Select-Options,32063955,2016-Sea Ray-470 SUNDANCER ZEUS
19835,19838,510 SUNDANCER,Sea Ray,2016,https://www.jdpowerconnect.com/Boats/32063956/Select-Options,32063956,2016-Sea Ray-510 SUNDANCER
19836,19839,510 SUNDANCER ZEUS,Sea Ray,2016,https://www.jdpowerconnect.com/Boats/32063957/Select-Options,32063957,2016-Sea Ray-510 SUNDANCER ZEUS
19837,19840,540 SUNDANCER,Sea Ray,2016,https://www.jdpowerconnect.com/Boats/32063960/Select-Options,32063960,2016-Sea Ray-540 SUNDANCER
19838,19841,540 SUNDANCER ZEUS,Sea Ray,2016,https://www.jdpowerconnect.com/Boats/32063961/Select-Options,32063961,2016-Sea Ray-540 SUNDANCER ZEUS
19839,19842,220 SUNDECK,Sea Ray,2016,https://www.jdpowerconnect.com/Boats/32063931/Select-Options,32063931,2016-Sea Ray-220 SUNDECK
19840,19843,220 SUNDECK(*),Sea Ray,2016,https://www.jdpowerconnect.com/Boats/32063932/Select-Options,32063932,2016-Sea Ray-220 SUNDECK(*)
19841,19844,240 SUNDECK,Sea Ray,2016,https://www.jdpowerconnect.com/Boats/32063933/Select-Options,32063933,2016-Sea Ray-240 SUNDECK
19842,19845,240 SUNDECK(*),Sea Ray,2016,https://www.jdpowerconnect.com/Boats/32063934/Select-Options,32063934,2016-Sea Ray-240 SUNDECK(*)
19843,19846,270 SUNDECK,Sea Ray,2016,https://www.jdpowerconnect.com/Boats/32063935/Select-Options,32063935,2016-Sea Ray-270 SUNDECK
19844,19847,270 SUNDECK(*),Sea Ray,2016,https://www.jdpowerconnect.com/Boats/32063936/Select-Options,32063936,2016-Sea Ray-270 SUNDECK(*)
19845,19848,290 SUNDECK,Sea Ray,2016,https://www.jdpowerconnect.com/Boats/32063937/Select-Options,32063937,2016-Sea Ray-290 SUNDECK
19846,19849,290 SUNDECK(*),Sea Ray,2016,https://www.jdpowerconnect.com/Boats/32082125/Select-Options,32082125,2016-Sea Ray-290 SUNDECK(*)
19847,19850,510 FLY,Sea Ray,2015,https://www.jdpowerconnect.com/Boats/32051106/Select-Options,32051106,2015-Sea Ray-510 FLY
19848,19851,510 FLY ZEUS,Sea Ray,2015,https://www.jdpowerconnect.com/Boats/32051107/Select-Options,32051107,2015-Sea Ray-510 FLY ZEUS
19849,19852,L590 FLY ZEUS,Sea Ray,2015,https://www.jdpowerconnect.com/Boats/32051111/Select-Options,32051111,2015-Sea Ray-L590 FLY ZEUS
19850,19853,L590 ZEUS,Sea Ray,2015,https://www.jdpowerconnect.com/Boats/32051110/Select-Options,32051110,2015-Sea Ray-L590 ZEUS
19851,19854,210 SLX,Sea Ray,2015,https://www.jdpowerconnect.com/Boats/32051065/Select-Options,32051065,2015-Sea Ray-210 SLX
19852,19855,230 SLX,Sea Ray,2015,https://www.jdpowerconnect.com/Boats/32051066/Select-Options,32051066,2015-Sea Ray-230 SLX
19853,19856,250 SLX,Sea Ray,2015,https://www.jdpowerconnect.com/Boats/32051067/Select-Options,32051067,2015-Sea Ray-250 SLX
19854,19857,270 SLX,Sea Ray,2015,https://www.jdpowerconnect.com/Boats/32051068/Select-Options,32051068,2015-Sea Ray-270 SLX
19855,19858,300 SLX,Sea Ray,2015,https://www.jdpowerconnect.com/Boats/32051069/Select-Options,32051069,2015-Sea Ray-300 SLX
19856,19859,300 SLX,Sea Ray,2015,https://www.jdpowerconnect.com/Boats/32051070/Select-Options,32051070,2015-Sea Ray-300 SLX
19857,19860,300 SLX AXIUS,Sea Ray,2015,https://www.jdpowerconnect.com/Boats/32051071/Select-Options,32051071,2015-Sea Ray-300 SLX AXIUS
19858,19861,350 SLX,Sea Ray,2015,https://www.jdpowerconnect.com/Boats/32051074/Select-Options,32051074,2015-Sea Ray-350 SLX
19859,19862,350 SLX,Sea Ray,2015,https://www.jdpowerconnect.com/Boats/32051072/Select-Options,32051072,2015-Sea Ray-350 SLX
19860,19863,350 SLX AXIUS,Sea Ray,2015,https://www.jdpowerconnect.com/Boats/32051073/Select-Options,32051073,2015-Sea Ray-350 SLX AXIUS
19861,19864,190 SPORT(**),Sea Ray,2015,https://www.jdpowerconnect.com/Boats/32062639/Select-Options,32062639,2015-Sea Ray-190 SPORT(**)
19862,19865,19 SPX(**),Sea Ray,2015,https://www.jdpowerconnect.com/Boats/32051061/Select-Options,32051061,2015-Sea Ray-19 SPX(**)
19863,19866,19 SPX(***),Sea Ray,2015,https://www.jdpowerconnect.com/Boats/32051062/Select-Options,32051062,2015-Sea Ray-19 SPX(***)
19864,19867,21 SPX(**),Sea Ray,2015,https://www.jdpowerconnect.com/Boats/32051063/Select-Options,32051063,2015-Sea Ray-21 SPX(**)
19865,19868,21 SPX(***),Sea Ray,2015,https://www.jdpowerconnect.com/Boats/32051064/Select-Options,32051064,2015-Sea Ray-21 SPX(***)
19866,19869,260 SUNDANCER,Sea Ray,2015,https://www.jdpowerconnect.com/Boats/32051082/Select-Options,32051082,2015-Sea Ray-260 SUNDANCER
19867,19870,260 SUNDANCER,Sea Ray,2015,https://www.jdpowerconnect.com/Boats/32051083/Select-Options,32051083,2015-Sea Ray-260 SUNDANCER
19868,19871,280 SUNDANCER,Sea Ray,2015,https://www.jdpowerconnect.com/Boats/32051084/Select-Options,32051084,2015-Sea Ray-280 SUNDANCER
19869,19872,310 SUNDANCER,Sea Ray,2015,https://www.jdpowerconnect.com/Boats/32051085/Select-Options,32051085,2015-Sea Ray-310 SUNDANCER
19870,19873,310 SUNDANCER AXIUS,Sea Ray,2015,https://www.jdpowerconnect.com/Boats/32051086/Select-Options,32051086,2015-Sea Ray-310 SUNDANCER AXIUS
19871,19874,330 SUNDANCER,Sea Ray,2015,https://www.jdpowerconnect.com/Boats/32051087/Select-Options,32051087,2015-Sea Ray-330 SUNDANCER
19872,19875,330 SUNDANCER AXIUS,Sea Ray,2015,https://www.jdpowerconnect.com/Boats/32051088/Select-Options,32051088,2015-Sea Ray-330 SUNDANCER AXIUS
19873,19876,350 SUNDANCER,Sea Ray,2015,https://www.jdpowerconnect.com/Boats/32051091/Select-Options,32051091,2015-Sea Ray-350 SUNDANCER
19874,19877,350 SUNDANCER,Sea Ray,2015,https://www.jdpowerconnect.com/Boats/32051089/Select-Options,32051089,2015-Sea Ray-350 SUNDANCER
19875,19878,350 SUNDANCER,Sea Ray,2015,https://www.jdpowerconnect.com/Boats/32051092/Select-Options,32051092,2015-Sea Ray-350 SUNDANCER
19876,19879,350 SUNDANCER AXIUS,Sea Ray,2015,https://www.jdpowerconnect.com/Boats/32051090/Select-Options,32051090,2015-Sea Ray-350 SUNDANCER AXIUS
19877,19880,370 SUNDANCER,Sea Ray,2015,https://www.jdpowerconnect.com/Boats/32051095/Select-Options,32051095,2015-Sea Ray-370 SUNDANCER
19878,19881,370 SUNDANCER,Sea Ray,2015,https://www.jdpowerconnect.com/Boats/32051093/Select-Options,32051093,2015-Sea Ray-370 SUNDANCER
19879,19882,370 SUNDANCER,Sea Ray,2015,https://www.jdpowerconnect.com/Boats/32051096/Select-Options,32051096,2015-Sea Ray-370 SUNDANCER
19880,19883,370 SUNDANCER AXIUS,Sea Ray,2015,https://www.jdpowerconnect.com/Boats/32051094/Select-Options,32051094,2015-Sea Ray-370 SUNDANCER AXIUS
19881,19884,410 SUNDANCER,Sea Ray,2015,https://www.jdpowerconnect.com/Boats/32051098/Select-Options,32051098,2015-Sea Ray-410 SUNDANCER
19882,19885,410 SUNDANCER AXIUS,Sea Ray,2015,https://www.jdpowerconnect.com/Boats/32051099/Select-Options,32051099,2015-Sea Ray-410 SUNDANCER AXIUS
19883,19886,450 SUNDANCER AXIUS,Sea Ray,2015,https://www.jdpowerconnect.com/Boats/32051100/Select-Options,32051100,2015-Sea Ray-450 SUNDANCER AXIUS
19884,19887,450 SUNDANCER ZEUS,Sea Ray,2015,https://www.jdpowerconnect.com/Boats/32051101/Select-Options,32051101,2015-Sea Ray-450 SUNDANCER ZEUS
19885,19888,470 SUNDANCER,Sea Ray,2015,https://www.jdpowerconnect.com/Boats/32051102/Select-Options,32051102,2015-Sea Ray-470 SUNDANCER
19886,19889,470 SUNDANCER ZEUS,Sea Ray,2015,https://www.jdpowerconnect.com/Boats/32051103/Select-Options,32051103,2015-Sea Ray-470 SUNDANCER ZEUS
19887,19890,510 SUNDANCER,Sea Ray,2015,https://www.jdpowerconnect.com/Boats/32051104/Select-Options,32051104,2015-Sea Ray-510 SUNDANCER
19888,19891,510 SUNDANCER ZEUS,Sea Ray,2015,https://www.jdpowerconnect.com/Boats/32051105/Select-Options,32051105,2015-Sea Ray-510 SUNDANCER ZEUS
19889,19892,540 SUNDANCER,Sea Ray,2015,https://www.jdpowerconnect.com/Boats/32051108/Select-Options,32051108,2015-Sea Ray-540 SUNDANCER
19890,19893,540 SUNDANCER ZEUS,Sea Ray,2015,https://www.jdpowerconnect.com/Boats/32051109/Select-Options,32051109,2015-Sea Ray-540 SUNDANCER ZEUS
19891,19894,220 SUNDECK,Sea Ray,2015,https://www.jdpowerconnect.com/Boats/32051075/Select-Options,32051075,2015-Sea Ray-220 SUNDECK
19892,19895,220 SUNDECK(*),Sea Ray,2015,https://www.jdpowerconnect.com/Boats/32051076/Select-Options,32051076,2015-Sea Ray-220 SUNDECK(*)
19893,19896,240 SUNDECK,Sea Ray,2015,https://www.jdpowerconnect.com/Boats/32051077/Select-Options,32051077,2015-Sea Ray-240 SUNDECK
19894,19897,240 SUNDECK(*),Sea Ray,2015,https://www.jdpowerconnect.com/Boats/32051078/Select-Options,32051078,2015-Sea Ray-240 SUNDECK(*)
19895,19898,270 SUNDECK,Sea Ray,2015,https://www.jdpowerconnect.com/Boats/32051079/Select-Options,32051079,2015-Sea Ray-270 SUNDECK
19896,19899,270 SUNDECK(*),Sea Ray,2015,https://www.jdpowerconnect.com/Boats/32051080/Select-Options,32051080,2015-Sea Ray-270 SUNDECK(*)
19897,19900,290 SUNDECK,Sea Ray,2015,https://www.jdpowerconnect.com/Boats/32051081/Select-Options,32051081,2015-Sea Ray-290 SUNDECK
19898,19901,370 VENTURE(*),Sea Ray,2015,https://www.jdpowerconnect.com/Boats/32051097/Select-Options,32051097,2015-Sea Ray-370 VENTURE(*)
19899,19902,510 FLY,Sea Ray,2014,https://www.jdpowerconnect.com/Boats/32042593/Select-Options,32042593,2014-Sea Ray-510 FLY
19900,19903,510 FLY ZEUS,Sea Ray,2014,https://www.jdpowerconnect.com/Boats/32042594/Select-Options,32042594,2014-Sea Ray-510 FLY ZEUS
19901,19904,450 SEDAN BRIDGE ZEUS,Sea Ray,2014,https://www.jdpowerconnect.com/Boats/32042588/Select-Options,32042588,2014-Sea Ray-450 SEDAN BRIDGE ZEUS
19902,19905,210 SLX,Sea Ray,2014,https://www.jdpowerconnect.com/Boats/32042559/Select-Options,32042559,2014-Sea Ray-210 SLX
19903,19906,230 SLX,Sea Ray,2014,https://www.jdpowerconnect.com/Boats/32042562/Select-Options,32042562,2014-Sea Ray-230 SLX
19904,19907,250 SLX,Sea Ray,2014,https://www.jdpowerconnect.com/Boats/32042566/Select-Options,32042566,2014-Sea Ray-250 SLX
19905,19908,270 SLX,Sea Ray,2014,https://www.jdpowerconnect.com/Boats/32042569/Select-Options,32042569,2014-Sea Ray-270 SLX
19906,19909,300 SLX,Sea Ray,2014,https://www.jdpowerconnect.com/Boats/32042571/Select-Options,32042571,2014-Sea Ray-300 SLX
19907,19910,300 SLX,Sea Ray,2014,https://www.jdpowerconnect.com/Boats/32042572/Select-Options,32042572,2014-Sea Ray-300 SLX
19908,19911,300 SLX AXIUS,Sea Ray,2014,https://www.jdpowerconnect.com/Boats/32051112/Select-Options,32051112,2014-Sea Ray-300 SLX AXIUS
19909,19912,350 SLX,Sea Ray,2014,https://www.jdpowerconnect.com/Boats/32042578/Select-Options,32042578,2014-Sea Ray-350 SLX
19910,19913,350 SLX AXIUS,Sea Ray,2014,https://www.jdpowerconnect.com/Boats/32051113/Select-Options,32051113,2014-Sea Ray-350 SLX AXIUS
19911,19914,190 SPORT(**),Sea Ray,2014,https://www.jdpowerconnect.com/Boats/32042557/Select-Options,32042557,2014-Sea Ray-190 SPORT(**)
19912,19915,205 SPORT(**),Sea Ray,2014,https://www.jdpowerconnect.com/Boats/32042558/Select-Options,32042558,2014-Sea Ray-205 SPORT(**)
19913,19916,260 SUNDANCER,Sea Ray,2014,https://www.jdpowerconnect.com/Boats/32042567/Select-Options,32042567,2014-Sea Ray-260 SUNDANCER
19914,19917,280 SUNDANCER,Sea Ray,2014,https://www.jdpowerconnect.com/Boats/32042570/Select-Options,32042570,2014-Sea Ray-280 SUNDANCER
19915,19918,310 SUNDANCER,Sea Ray,2014,https://www.jdpowerconnect.com/Boats/32042574/Select-Options,32042574,2014-Sea Ray-310 SUNDANCER
19916,19919,310 SUNDANCER AXIUS,Sea Ray,2014,https://www.jdpowerconnect.com/Boats/32042575/Select-Options,32042575,2014-Sea Ray-310 SUNDANCER AXIUS
19917,19920,330 SUNDANCER,Sea Ray,2014,https://www.jdpowerconnect.com/Boats/32042576/Select-Options,32042576,2014-Sea Ray-330 SUNDANCER
19918,19921,330 SUNDANCER AXIUS,Sea Ray,2014,https://www.jdpowerconnect.com/Boats/32042577/Select-Options,32042577,2014-Sea Ray-330 SUNDANCER AXIUS
19919,19922,350 SUNDANCER,Sea Ray,2014,https://www.jdpowerconnect.com/Boats/32042579/Select-Options,32042579,2014-Sea Ray-350 SUNDANCER
19920,19923,350 SUNDANCER,Sea Ray,2014,https://www.jdpowerconnect.com/Boats/32051114/Select-Options,32051114,2014-Sea Ray-350 SUNDANCER
19921,19924,350 SUNDANCER AXIUS,Sea Ray,2014,https://www.jdpowerconnect.com/Boats/32042580/Select-Options,32042580,2014-Sea Ray-350 SUNDANCER AXIUS
19922,19925,370 SUNDANCER,Sea Ray,2014,https://www.jdpowerconnect.com/Boats/32051115/Select-Options,32051115,2014-Sea Ray-370 SUNDANCER
19923,19926,370 SUNDANCER,Sea Ray,2014,https://www.jdpowerconnect.com/Boats/32042582/Select-Options,32042582,2014-Sea Ray-370 SUNDANCER
19924,19927,370 SUNDANCER,Sea Ray,2014,https://www.jdpowerconnect.com/Boats/32051116/Select-Options,32051116,2014-Sea Ray-370 SUNDANCER
19925,19928,370 SUNDANCER AXIUS,Sea Ray,2014,https://www.jdpowerconnect.com/Boats/32042583/Select-Options,32042583,2014-Sea Ray-370 SUNDANCER AXIUS
19926,19929,410 SUNDANCER,Sea Ray,2014,https://www.jdpowerconnect.com/Boats/32042584/Select-Options,32042584,2014-Sea Ray-410 SUNDANCER
19927,19930,410 SUNDANCER ZEUS,Sea Ray,2014,https://www.jdpowerconnect.com/Boats/32042585/Select-Options,32042585,2014-Sea Ray-410 SUNDANCER ZEUS
19928,19931,450 SUNDANCER AXIUS,Sea Ray,2014,https://www.jdpowerconnect.com/Boats/32042586/Select-Options,32042586,2014-Sea Ray-450 SUNDANCER AXIUS
19929,19932,450 SUNDANCER ZEUS,Sea Ray,2014,https://www.jdpowerconnect.com/Boats/32042587/Select-Options,32042587,2014-Sea Ray-450 SUNDANCER ZEUS
19930,19933,470 SUNDANCER,Sea Ray,2014,https://www.jdpowerconnect.com/Boats/32042589/Select-Options,32042589,2014-Sea Ray-470 SUNDANCER
19931,19934,470 SUNDANCER ZEUS,Sea Ray,2014,https://www.jdpowerconnect.com/Boats/32042590/Select-Options,32042590,2014-Sea Ray-470 SUNDANCER ZEUS
19932,19935,510 SUNDANCER,Sea Ray,2014,https://www.jdpowerconnect.com/Boats/32042591/Select-Options,32042591,2014-Sea Ray-510 SUNDANCER
19933,19936,510 SUNDANCER ZEUS,Sea Ray,2014,https://www.jdpowerconnect.com/Boats/32042592/Select-Options,32042592,2014-Sea Ray-510 SUNDANCER ZEUS
19934,19937,540 SUNDANCER,Sea Ray,2014,https://www.jdpowerconnect.com/Boats/32042595/Select-Options,32042595,2014-Sea Ray-540 SUNDANCER
19935,19938,540 SUNDANCER ZEUS,Sea Ray,2014,https://www.jdpowerconnect.com/Boats/32042596/Select-Options,32042596,2014-Sea Ray-540 SUNDANCER ZEUS
19936,19939,580 SUNDANCER,Sea Ray,2014,https://www.jdpowerconnect.com/Boats/32043360/Select-Options,32043360,2014-Sea Ray-580 SUNDANCER
19937,19940,220 SUNDECK(*),Sea Ray,2014,https://www.jdpowerconnect.com/Boats/32042560/Select-Options,32042560,2014-Sea Ray-220 SUNDECK(*)
19938,19941,220 SUNDECK,Sea Ray,2014,https://www.jdpowerconnect.com/Boats/32042561/Select-Options,32042561,2014-Sea Ray-220 SUNDECK
19939,19942,240 SUNDECK(*),Sea Ray,2014,https://www.jdpowerconnect.com/Boats/32042563/Select-Options,32042563,2014-Sea Ray-240 SUNDECK(*)
19940,19943,240 SUNDECK,Sea Ray,2014,https://www.jdpowerconnect.com/Boats/32042564/Select-Options,32042564,2014-Sea Ray-240 SUNDECK
19941,19944,260 SUNDECK,Sea Ray,2014,https://www.jdpowerconnect.com/Boats/32042565/Select-Options,32042565,2014-Sea Ray-260 SUNDECK
19942,19945,280 SUNDECK,Sea Ray,2014,https://www.jdpowerconnect.com/Boats/32042568/Select-Options,32042568,2014-Sea Ray-280 SUNDECK
19943,19946,300 SUNDECK,Sea Ray,2014,https://www.jdpowerconnect.com/Boats/32042573/Select-Options,32042573,2014-Sea Ray-300 SUNDECK
19944,19947,370 VENTURE(*),Sea Ray,2014,https://www.jdpowerconnect.com/Boats/32042581/Select-Options,32042581,2014-Sea Ray-370 VENTURE(*)
